<?xml version="1.0" encoding="utf-8"?>
<prefix name="oacompress" label="0xArt Speed Optimizer" language_tag="en" language_label="English"><key name="admin_cache_control_btn_all_desc"><value>Clearing all cache entities is not recommended, because the entire cache regeneration appears a very heavy operation</value></key><key name="admin_cache_control_btn_all_label"><value>Clear all</value></key><key name="admin_cache_control_btn_dbcache_desc"><value>Database query cache should be cleared if you have any problems with data synchronization or modify data directly in DB (for example via phpmyadmin)</value></key><key name="admin_cache_control_btn_dbcache_label"><value>Clear DB query cache</value></key><key name="admin_cache_control_btn_lang_desc"><value>Language cache which includes values from all active languages, should be cleared if you modify labels in DB manually</value></key><key name="admin_cache_control_btn_lang_label"><value>Languages cache</value></key><key name="admin_cache_control_btn_oacompress_desc"><value>Merged and compressed static files of themes and plugins. It should be cleared if you modify themes/plugins manually</value></key><key name="admin_cache_control_btn_oacompress_label"><value>Clear merged and compressed JS/CSS</value></key><key name="admin_cache_control_btn_plugin_desc"><value>Plugin static files should be cleared if you modify or update files in `ow_plugins` directory</value></key><key name="admin_cache_control_btn_plugin_label"><value>Clear plugins static file cache</value></key><key name="admin_cache_control_btn_template_desc"><value>Smarty template engine cache which should be cleared if some controller/component template is modified</value></key><key name="admin_cache_control_btn_template_label"><value>Clear template cache</value></key><key name="admin_cache_control_btn_theme_desc"><value>Theme static files cache (includes CSS files and graphics) should be cleared if any installed theme is modified</value></key><key name="admin_cache_control_btn_theme_label"><value>Clear theme cache</value></key><key name="admin_cache_control_section_label"><value>Cache control settings</value></key><key name="admin_index_heading"><value>OxArt Compressor options</value></key><key name="admin_index_new_heading"><value>OxArt Speed Optimizer options</value></key><key name="admin_settings_cache_section_label"><value>Cache settings</value></key><key name="admin_settings_database_section_label"><value>Database settings</value></key><key name="admin_settings_section_label"><value>Page compress settings</value></key><key name="admin_tab_cache_control_label"><value>Cache control</value></key><key name="admin_tab_index_label"><value>General</value></key><key name="admin_tab_storages_label"><value>Available storages</value></key><key name="cache_clear_msg"><value>Cache cleared</value></key><key name="cache_confirm_message"><value>Are you sure you want to clear cache?</value></key><key name="clear_btn_label"><value>Clear</value></key><key name="compress_cnt_desc"><value>Option removes `new line` and duplicated `space` characters, decreasing page output size. Please use this option with a prudence, it uses regexp functions and can create additional CPU load.</value></key><key name="compress_cnt_label"><value>Compress HTML</value></key><key name="compress_css_desc"><value>Enables CSS compression, which uses graphics base64 encoding and gzip compression to reduce CSS file size. It also merges all CSS items into one file and helps to decrease page load time and improve user experience.</value></key><key name="compress_css_label"><value>Compress CSS</value></key><key name="compress_js_desc"><value>Option turns on JS compression. Works in the same way as CSS compression.</value></key><key name="compress_js_label"><value>Compress JS</value></key><key name="configure_memcached_form"><value>Memcached attributes</value></key><key name="configure_mongo_form"><value>MongoDB attributes</value></key><key name="daily"><value>Daily</value></key><key name="encode_image_size_desc"><value>Max size of CSS image to be encoded in base 64 format.</value></key><key name="encode_image_size_label"><value>Encode image size</value></key><key name="label_db_name"><value>Database</value></key><key name="label_host"><value>Host</value></key><key name="label_password"><value>Password</value></key><key name="label_port"><value>Port</value></key><key name="label_user"><value>Username</value></key><key name="mcd_err_msg_cant_connect_to_server"><value>Can't connect to memcached server</value></key><key name="mcd_floatbox_cap_label"><value>Configure Memcached</value></key><key name="mng_floatbox_cap_label"><value>Configure MongoDB</value></key><key name="monthly"><value>Monthly</value></key><key name="never"><value>Never</value></key><key name="no_storage"><value>Disabled</value></key><key name="optimize_desc"><value>The option enables your DB tables to be optimized on a schedule</value></key><key name="optimize_label"><value>Optimize tables</value></key><key name="php_5_2_admin_notification"><value>0xArt Speed Optimizer query cache was disabled due to old OW_Database class and php version lower than 5.3. Please contact plugin developer to resolve the problem.</value></key><key name="query_cache_label"><value>DB query cache</value></key><key name="settings_saved"><value>Settings saved</value></key><key name="sql_cache_desc"><value>The option decreases the count of queries to DB on every page, which saves your CPU and IO resources making your site faster</value></key><key name="sql_cache_label"><value>Enable SQL caching</value></key><key name="storage_active_label"><value>Active</value></key><key name="storage_configure_label"><value>Configure</value></key><key name="storage_entry_count_label"><value>Items count</value></key><key name="storage_hits_label"><value>Hits</value></key><key name="storage_misses_label"><value>Misses</value></key><key name="storage_name_label"><value>Storage</value></key><key name="storage_size_label"><value>Size (Mb)</value></key><key name="storage_status_label"><value>Status</value></key><key name="weekly"><value>Weekly</value></key></prefix>
