<?xml version="1.0" encoding="utf-8"?>
<prefix name="winks" label="Winks" language_tag="en" language_label="English"><key name="accept_or_ignore"><value>Accept or ignore:</value></key><key name="accept_request"><value>Accept</value></key><key name="accept_wink_msg"><value>Your wink has been accepted.</value></key><key name="console_winks_title"><value>Winks</value></key><key name="console_wink_accepted_your_item"><value>&lt;a href="{$userUrl}"&gt;{$displayName}&lt;/a&gt; accepted your wink!</value></key><key name="console_wink_accept_item"><value>&lt;a href="{$userUrl}"&gt;{$displayName}&lt;/a&gt; winked back at you!</value></key><key name="console_wink_wait_item"><value>&lt;a href="{$userUrl}"&gt;{$displayName}&lt;/a&gt; winked at you!</value></key><key name="ignore_request"><value>Ignore</value></key><key name="msg_accept_request"><value>Request accepted</value></key><key name="msg_ignore_request"><value>Request ignored</value></key><key name="not_in_interact_error_msg"><value>Sorry, this user chooses not to interact with you</value></key><key name="send_message"><value>Send message</value></key><key name="winked_back_msg"><value>You winked back.</value></key><key name="wink_back_email_html_content"><value>&lt;img src="{$src}" title="{$displayname}"&gt;&#13;
&lt;br /&gt;&#13;
&lt;a href="{$url}"&gt;{$displayname}&lt;/a&gt; &lt;a href="{$conversation_url}"&gt;winked back&lt;/a&gt; at you.</value></key><key name="wink_back_email_subject"><value>{$displayname} Winked back at me</value></key><key name="wink_back_email_text_content"><value>&lt;img src="{$src}" title="{$displayname}"&gt;&#13;
&lt;a href="{$url}"&gt;{$displayname}&lt;/a&gt; &lt;a href="{$conversation_url}"&gt;winked back&lt;/a&gt; at you.</value></key><key name="wink_back_label"><value>wink back</value></key><key name="wink_back_message"><value>winked at you, showing their interest. Wink back or send a message in return.</value></key><key name="wink_back_message_owner"><value>winked back at you. Send a message in return.</value></key><key name="wink_double_sent_error"><value>Wink has already been sent. You can only send a wink in 7 days again</value></key><key name="wink_email_notifications_new_message"><value>Someone winked at me</value></key><key name="wink_email_notifications_section_label"><value>Messages</value></key><key name="wink_label"><value>Wink</value></key><key name="wink_send_email_html_content"><value>&lt;img src="{$src}" title="{$displayname}"&gt;&lt;br /&gt;&#13;
&lt;a href="{$url}"&gt;{$displayname}&lt;/a&gt; &lt;a href="{$home_url}"&gt;winked&lt;/a&gt; at you.</value></key><key name="wink_send_email_subject"><value>{$displayname} Winked at you</value></key><key name="wink_send_email_text_content"><value>&lt;img src="{$src}" title="{$displayname}"&gt; &lt;a href="{$url}"&gt;{$displayname}&lt;/a&gt; &lt;a href="{$home_url}"&gt;winked&lt;/a&gt; at you.</value></key><key name="wink_sent_error"><value>Wink send error</value></key><key name="wink_sent_label"><value>Wink sent</value></key><key name="wink_sent_success_msg"><value>Wink successfully sent</value></key></prefix>
