<?xml version="1.0" encoding="utf-8"?>
<prefix name="oacompress" label="0xArt Speed Optimizer" language_tag="en" language_label="English"><key name="admin_cache_control_btn_all_desc"><value>Clear all cache entities, not recommended because whole cache regeneration is a very heavy operation</value></key><key name="admin_cache_control_btn_all_label"><value>Clear all</value></key><key name="admin_cache_control_btn_dbcache_desc"><value>Database query cache should be cleared if you have any problems with data synchronization or modified data directly in DB (for example via phpmyadmin).</value></key><key name="admin_cache_control_btn_dbcache_label"><value>Clear DB query cache</value></key><key name="admin_cache_control_btn_lang_desc"><value>Language cache includes values from all active languages, should be cleared if you manually modified labels in DB.</value></key><key name="admin_cache_control_btn_lang_label"><value>Languages cache</value></key><key name="admin_cache_control_btn_oacompress_desc"><value>Temporary cached files which include merged and compressed JavaScript/CSS</value></key><key name="admin_cache_control_btn_oacompress_label"><value>Clear merged and compressed JS/CSS2</value></key><key name="admin_cache_control_btn_plugin_desc"><value>Plugin static files should be cleared if you modified or updated files in ow_plugins dir</value></key><key name="admin_cache_control_btn_plugin_label"><value>Clear plugins static file cahe</value></key><key name="admin_cache_control_btn_template_desc"><value>Smarty template engine cache, should be cleared if some controller/component template was modified.</value></key><key name="admin_cache_control_btn_template_label"><value>Clear template cache</value></key><key name="admin_cache_control_btn_theme_desc"><value>Theme static files cache (includes css files and graphics), should be cleared if any installed theme was modified.</value></key><key name="admin_cache_control_btn_theme_label"><value>Clear theme cache</value></key><key name="admin_cache_control_section_label"><value>Cache control settings</value></key><key name="admin_index_heading"><value>OxArt Compressor options</value></key><key name="admin_index_new_heading"><value>OxArt Speed Optimizer options</value></key><key name="admin_settings_cache_section_label"><value>Cache settings</value></key><key name="admin_settings_database_section_label"><value>Database settings</value></key><key name="admin_settings_section_label"><value>Page compress settings</value></key><key name="admin_tab_cache_control_label"><value>Cache control</value></key><key name="admin_tab_index_label"><value>General</value></key><key name="cache_clear_msg"><value>Cache cleared</value></key><key name="cache_confirm_message"><value>Are you sure you want to clear cache?</value></key><key name="clear_btn_label"><value>Clear</value></key><key name="compress_cnt_desc"><value>Option removes `new line` and duplicated `space` characters, decreasing page output size. Please use this option with a prudence, it uses regexp functions and can create additional CPU load.</value></key><key name="compress_cnt_label"><value>Compress HTML</value></key><key name="compress_css_desc"><value>Enables CSS compression, which uses graphics base64 encoding and gzip compression to reduce CSS file size. It also merges all CSS items into one file and helps to decrease page load time and improve user experience.</value></key><key name="compress_css_label"><value>Compress CSS</value></key><key name="compress_js_desc"><value>Option turns on JS compression. Works in the same way as CSS compression.</value></key><key name="compress_js_label"><value>Compress JS</value></key><key name="daily"><value>Daily</value></key><key name="encode_image_size_desc"><value>Max size of CSS image to be encoded in base 64 format.</value></key><key name="encode_image_size_label"><value>Encode image size</value></key><key name="monthly"><value>Monthly</value></key><key name="never"><value>Never</value></key><key name="optimize_desc"><value>The option allows you to have your tables to be optimized on a schedule</value></key><key name="optimize_label"><value>Optimize tables</value></key><key name="settings_saved"><value>Settings saved</value></key><key name="sql_cache_desc"><value>The option decreases count of queries to DB on every page, which saves your CPU and IO resources making your site faster</value></key><key name="sql_cache_label"><value>Enable SQL caching</value></key><key name="weekly"><value>Weekly</value></key></prefix>
