<?xml version="1.0" encoding="utf-8"?>
<prefix name="skandroid" label="Skadate Android App" language_tag="en" language_label="English">
<key name="email_verify_template_html"><value>Hello,&lt;br/&gt;
&lt;br/&gt;
To complete registering your profile for &lt;a href=&quot;{$site_url}&quot;&gt;{$site_name}&lt;/a&gt;, please enter the following code into &lt;a href=&quot;{$site_url}&quot;&gt;{$site_name}&lt;/a&gt; app: {$code}.&lt;br/&gt;
&lt;br/&gt;
If this message was sent to you in error, simply ignore it and your email will not be used anywhere.&lt;br/&gt;
&lt;br/&gt;
Thank you,&lt;br/&gt;
Administration&lt;br/&gt;
&lt;a href=&quot;{$site_url}&quot;&gt;{$site_name}&lt;/a&gt;
</value></key>
<key name="email_verify_template_text"><value>Hello,

To complete registering your profile for {$site_name} ({$site_url}), please enter the following code into {$site_name} app: {$code}.

If this message was sent to you in error, simply ignore it and your email will not be used anywhere.

Thank you,
Administration
{$site_name}
{$site_url}</value></key>
</prefix>
