<?xml version="1.0" encoding="utf-8"?>
<prefix name="langcsvimporter" label="CSV data import" language_tag="en" language_label="English">
    <key name="are_you_sure"><value>Are you sure?</value></key>
    <key name="btn_back_caption"><value>Back</value></key>
    <key name="btn_cancel_caption"><value>Cancel</value></key>
    <key name="btn_import_caption"><value>Import into temporary table</value></key>
    <key name="btn_new_import_caption"><value>Import new file</value></key>
    <key name="count_fail_imported"><value>Import failed</value></key>
    <key name="count_success_imported"><value>Successfully imported</value></key>
    <key name="csvimporter_form_submit_caption"><value>Upload</value></key>
    <key name="csv_file_label"><value>*.CSV or *.ZIP:</value></key>
    <key name="csv_uploader_desc"><value>This form lets you import CSV (comma separated value) user profile data to your site. You need to have .csv file (or .zip archive of that file) extracted from your old database.</value></key>
    <key name="double_select"><value>You already used same question for: {$questions}</value></key>
    <key name="field_caption"><value>Field</value></key>
    <key name="generate_password_desc"><value>A new password will be generated and sent to each imported profile.</value></key>
    <key name="generate_password_label"><value>Generate password</value></key>
    <key name="generate_password_subject"><value>Password on {$site_name}</value></key>
    <key name="generate_password_template_html"><value>Dear &lt;b&gt;{$username}&lt;/b&gt;,
    &lt;br /&gt;
    Your password is &lt;b&gt;{$password}&lt;/b&gt; on {$site_name}.
    &lt;br /&gt;
    Thank you,&lt;br /&gt;
    {$site_name} team&lt;br /&gt;
    &lt;a href="{$site_url}"&gt;{$site_url}&lt;/a&gt;</value></key>
    <key name="generate_password_template_text"><value>Dear {$username},
    &#13;
    You password is {$password} on {$site_name}.
    &#13;
    Thank you,&#13;
    {$site_name} team
    &#13;
    &lt;a href="{$site_url}"&gt;{$site_url}&lt;/a&gt;</value></key>
    <key name="importer_menu_caption"><value>CSV data import</value></key>
    <key name="import_note"><value>&lt;p&gt;Attention: profile questions with predefined values (single &amp; multiple choice) have the limit of 31 values.&lt;/p&gt;&#13;
    &lt;p&gt;If any profile question contains more values, the system will only select 31 top used ones. Other values will be set empty in profiles.&lt;/p&gt;</value></key>
    <key name="import_settings_required_error"><value>Required username and email questions</value></key>
    <key name="import_settings_submit_caption"><value>Start import</value></key>
    <key name="options_table_caption"><value>Options</value></key>
    <key name="parse_error_message"><value>Parse file error</value></key>
    <key name="parse_success_message"><value>File parsing success</value></key>
    <key name="processing_import_desc"><value>Importing profiles from CSV data. It make take a while...&lt;br/&gt;Make sure &lt;a href="http://docs.oxwall.org/install:cron" target="_blank"&gt;Cron&lt;/a&gt; is set on your server</value></key>
    <key name="processing_process_desc"><value>Processing CSV file (it may take a while)...&lt;br/&gt;Make sure &lt;a href="http://docs.oxwall.org/install:cron" target="_blank"&gt;Cron&lt;/a&gt; is set on your server</value></key>
    <key name="processing_rollback_desc"><value>Rollbacking. Please, wait.</value></key>
    <key name="send_welcome_message_desc"><value>A welcome email will be sent to each imported profile.</value></key>
    <key name="send_welcome_message_label"><value>Send welcome message</value></key>
    <key name="settings_submit_caption"><value>Save</value></key>
    <key name="step_import_page_title"><value>Importing...</value></key>
    <key name="step_preview_page_title"><value>Preview</value></key>
    <key name="step_process_page_title"><value>Importing...</value></key>
    <key name="step_rollback_page_title"><value>Rollbacking...</value></key>
    <key name="step_upload_page_title"><value>Uploading</value></key>
    <key name="successfully_message"><value>Processing has been finished, redirecting...</value></key>
    <key name="total_profiles"><value>Total profiles</value></key>
    <key name="upload_error_cant_write"><value>Failed to write file to disk</value></key>
    <key name="upload_error_extension"><value>A PHP extension stopped the file upload. PHP does not provide a way to ascertain which extension caused the file upload to stop; examining the list of loaded extensions with phpinfo() may help</value></key>
    <key name="upload_error_form_size"><value>The uploaded file exceeds the MAX_FILE_SIZE directive that was specified in the HTML form</value></key>
    <key name="upload_error_ini_size"><value>The uploaded file exceeds the upload_max_filesize directive in php.ini</value></key>
    <key name="upload_error_no_file"><value>No file was uploaded</value></key>
    <key name="upload_error_no_tmp_fir"><value>Missing a temporary folder</value></key>
    <key name="upload_error_partial"><value>The uploaded file was only partially uploaded</value></key>
    <key name="upload_error_unknow"><value>Unknow upload error</value></key>
    <key name="upload_file"><value>Upload CSV file</value></key>
    <key name="upload_type_error"><value>You can only upload *.csv and *.zip files</value></key>
    <key name="zip_error_exists"><value>File already exists</value></key>
    <key name="zip_error_incons"><value>Zip archive inconsistent</value></key>
    <key name="zip_error_inval"><value>Invalid argument</value></key>
    <key name="zip_error_memory"><value>Malloc failure</value></key>
    <key name="zip_error_noent"><value>No such file</value></key>
    <key name="zip_error_nozip"><value>Not a zip archive</value></key>
    <key name="zip_error_open"><value>Can't open file</value></key>
    <key name="zip_error_read"><value>Read error</value></key>
    <key name="zip_error_seek"><value>Seek error</value></key>
    <key name="zip_error_unknow"><value>Unknow error</value></key>
    <key name="langcsvimporter_page"><value>Lang CSV import</value></key>
    <key name="xml_file"><value>Select xml file</value></key>
    <key name="admin_import_page_menu"><value>Import</value></key>
    <key name="admin_export_page_menu"><value>Export</value></key>
    <key name="export_submit"><value>Submit</value></key>
    <key name="success_xml_uploded"><value>Successfull uploaded</value></key>
    <key name="download_label"><value>Download xlsx file</value></key>
    <key name="download_xlsx_btn"><value>Download</value></key>
    <key name="error_dowload_xlsx"><value>Error</value></key>
    <key name="upload_xml_type_error"><value>You can only upload *.xml files</value></key>
</prefix>
