<?xml version="1.0" encoding="utf-8"?>
<prefix name="oacompress" label="0xArt Speed Optimizer" language_tag="en" language_label="English"><key name="admin_cache_control_btn_all_desc"><value>Clearing all cache entities is not recommended, because the entire cache regeneration appears a very heavy operation</value></key><key name="admin_cache_control_btn_all_label"><value>Clear all</value></key><key name="admin_cache_control_btn_dbcache_desc"><value>Database query cache should be cleared if you have any problems with data synchronization or modify data directly in DB (for example via phpmyadmin)</value></key><key name="admin_cache_control_btn_dbcache_label"><value>Clear DB query cache</value></key><key name="admin_cache_control_btn_lang_desc"><value>Language cache which includes values from all active languages, should be cleared if you modify labels in DB manually</value></key><key name="admin_cache_control_btn_lang_label"><value>Languages cache</value></key><key name="admin_cache_control_btn_oacompress_desc"><value>Merged and compressed static files of themes and plugins. It should be cleared if you modify themes/plugins manually</value></key><key name="admin_cache_control_btn_oacompress_label"><value>Clear merged and compressed JS/CSS</value></key><key name="admin_cache_control_btn_plugin_desc"><value>Plugin static files should be cleared if you modify or update files in `ow_plugins` directory</value></key><key name="admin_cache_control_btn_plugin_label"><value>Clear plugins static file cache</value></key><key name="admin_cache_control_btn_template_desc"><value>Smarty template engine cache which should be cleared if some controller/component template is modified</value></key><key name="admin_cache_control_btn_template_label"><value>Clear template cache</value></key><key name="admin_cache_control_btn_theme_desc"><value>Theme static files cache (includes CSS files and graphics) should be cleared if any installed theme is modified</value></key><key name="admin_cache_control_btn_theme_label"><value>Clear theme cache</value></key><key name="admin_cache_control_section_label"><value>Cache control settings</value></key><key name="admin_index_heading"><value>OxArt Compressor options</value></key><key name="admin_index_new_heading"><value>OxArt Speed Optimizer options</value></key><key name="admin_settings_cache_section_label"><value>Cache settings</value></key><key name="admin_settings_database_section_label"><value>Database settings</value></key><key name="admin_settings_section_label"><value>Page compress settings</value></key><key name="admin_tab_cache_control_label"><value>Cache control</value></key><key name="admin_tab_index_label"><value>General</value></key><key name="admin_tab_storages_label"><value>Available storages</value></key><key name="apc_requirements_text"><value>To enable APC storage the PECL php extension should be installed. Extension is commonly available as &lt;b&gt;php-apc&lt;/b&gt;.&#13;
        &lt;br /&gt;&lt;br /&gt;Example installation for &lt;b&gt;Ubuntu&lt;b&gt;:&lt;div class=\"ow_box\"&gt;sudo apt-get install php-apc &lt;br /&gt; sudo service apache2 restart&lt;/div&gt;</value></key><key name="apc_rq_floatbox_cap_label"><value>APC requirements</value></key><key name="cache_clear_msg"><value>Cache cleared</value></key><key name="cache_confirm_message"><value>Are you sure you want to clear cache?</value></key><key name="cache_db_queries_hours_desc"><value>Enabling this option caches database query results for selected time</value></key><key name="cache_db_queries_hours_label"><value>Database query caching lifetame</value></key><key name="cache_db_queries_label"><value>Database query cache</value></key><key name="cache_pages_for_guests_desc"><value>Caches whole pages for selected time. This cache is very fast, but it works only for guests and bots.</value></key><key name="cache_pages_for_guests_label"><value>Full page caching lifetime (works only for guests and bots)</value></key><key name="cache_storage_desc"><value>The cache storage is used as the store that provides immediate access to frequently accessed data.</value></key><key name="cache_storage_label"><value>Cache storage</value></key><key name="clear_btn_label"><value>Clear</value></key><key name="compress_cnt_desc"><value>Option removes `new line` and duplicated `space` characters, decreasing page output size. Please use this option with a prudence, it uses regexp functions and can create additional CPU load.</value></key><key name="compress_cnt_label"><value>Compress HTML</value></key><key name="compress_css_desc"><value>Enables CSS files merging and gzip compression to decrease page load time and improve user experience.</value></key><key name="compress_css_label"><value>Compress CSS</value></key><key name="compress_js_desc"><value>Option turns on JS compression. Works in the same way as CSS compression.</value></key><key name="compress_js_label"><value>Compress JS</value></key><key name="configure_memcached_form"><value>Memcached attributes</value></key><key name="configure_mongo_form"><value>MongoDB attributes</value></key><key name="daily"><value>Daily</value></key><key name="encode_css_image_desc"><value>This option converts small images in base64 format and embeds them in CSS file. It decreases the number of HTTP requests, but increases the size of CSS file.</value></key><key name="encode_css_image_label"><value>Embed small images in CSS</value></key><key name="encode_image_size_desc"><value>Max size of CSS image to be encoded in base 64 format.</value></key><key name="encode_image_size_label"><value>Encode image size</value></key><key name="fast_label"><value>fast</value></key><key name="hours_label"><value>hour(s)</value></key><key name="info_count_text"><value>Number of items stored on this storage. This is no "maximum item count" value but a counted increased by every new item stored in the cache.</value></key><key name="info_hits_text"><value>Number of successful "get" commands (cache hits) since storage startup, i.e. this count shows how many times cache manager tried to locate and found the result data in a storage. Every hit reduces your server resources usage.</value></key><key name="info_label"><value>info</value></key><key name="info_misses_text"><value>Number of failed "get" requests because nothing was cached for this key or the cached value was too old. If caching strategy is effective  the number of "misses" should be less then "hits" value.</value></key><key name="info_name_text"><value>The list of predefined storages that can be used for data caching.</value></key><key name="info_size_text"><value>The size of the storage, i.e. number of Megabytes currently used for caching items.</value></key><key name="info_status_text"><value>The current status of the storage. Status list includes: &lt;br /&gt;&#13;
&lt;b&gt;Requirements&lt;/b&gt; - the requirements for the storage are not satisfied, click to find the whole list;&lt;br /&gt;&#13;
&lt;b&gt;Configure&lt;/b&gt; - the storage needs to be configured, click to enter configuration info;&lt;br /&gt;&#13;
&lt;b&gt;Available&lt;/b&gt; - the storage is configured and ready for usage;&lt;br /&gt;&#13;
&lt;b&gt;Active&lt;/b&gt; - the storage is currently used for all caching items.</value></key><key name="label_db_name"><value>Database</value></key><key name="label_host"><value>Host</value></key><key name="label_password"><value>Password</value></key><key name="label_port"><value>Port</value></key><key name="label_user"><value>Username</value></key><key name="mcd_err_msg_cant_connect_to_server"><value>Can't connect to memcached server</value></key><key name="mcd_floatbox_cap_label"><value>Configure Memcached</value></key><key name="mcd_requirements_text"><value>To enable Memcache storage we need to install Memcache server and php extension to communicate with it. Note that there are two PHP Memcache extensions available. One is called &lt;b&gt;php5-memcache&lt;/b&gt; and the other is called &lt;b&gt;php5-memcached&lt;/b&gt; (note the trailing \"d\" on the second example). We recommend to use are the second of these because it is stable and implements a wider range of features.&lt;br /&gt;&lt;br /&gt;Example installation for &lt;b&gt;Ubuntu&lt;b&gt;:&lt;div class=\"ow_box\"&gt;sudo apt-get update &lt;br /&gt; sudo apt-get install php5-memcached memcached&lt;/div&gt;</value></key><key name="mcd_rq_floatbox_cap_label"><value>Memcache requirements</value></key><key name="minutes_label"><value>minute(s)</value></key><key name="mng_floatbox_cap_label"><value>Configure MongoDB</value></key><key name="mng_requirements_text"><value>MongoDB is one of the leading NoSQL databases that is widely used in modern web applications. To enable Mongo storage we need to install MongoDB server and php extension to communicate with the server. &lt;br /&gt;&lt;br /&gt;Example installation for &lt;b&gt;Ubuntu&lt;b&gt;:&lt;div class=\"ow_box\"&gt;sudo apt-get update &lt;br /&gt; sudo apt-get install php5-mongo mongodb&lt;br /&gt;sudo service mongod start&lt;/div&gt;</value></key><key name="mng_rq_floatbox_cap_label"><value>Mongo requirements</value></key><key name="monthly"><value>Monthly</value></key><key name="never"><value>Never</value></key><key name="no_storage"><value>Disabled</value></key><key name="optimize_desc"><value>The option enables your DB tables to be optimized on a schedule</value></key><key name="optimize_label"><value>Optimize tables</value></key><key name="php_5_2_admin_notification"><value>0xArt Speed Optimizer query cache was disabled due to old OW_Database class and php version lower than 5.3. Please contact plugin developer to resolve the problem.</value></key><key name="query_cache_label"><value>DB query cache</value></key><key name="settings_saved"><value>Settings saved</value></key><key name="slow_label"><value>slow</value></key><key name="sql_cache_desc"><value>The option decreases the count of queries to DB on every page, which saves your CPU and IO resources making your site faster</value></key><key name="sql_cache_label"><value>Enable SQL caching</value></key><key name="storage_active_label"><value>Active</value></key><key name="storage_avail_label"><value>Available</value></key><key name="storage_configure_label"><value>Configure</value></key><key name="storage_entry_count_label"><value>Items count</value></key><key name="storage_hits_label"><value>Hits</value></key><key name="storage_misses_label"><value>Misses</value></key><key name="storage_name_label"><value>Storage</value></key><key name="storage_requirements_label"><value>Requirements</value></key><key name="storage_size_label"><value>Size (Mb)</value></key><key name="storage_status_label"><value>Status</value></key><key name="storage_tab_desc"><value>This is a list of storages available for caching items, all of them have different performance and requirements. You can use only storages with available status, to make the storage available you should meet server requirements and configure it.</value></key><key name="weekly"><value>Weekly</value></key></prefix>
