<?xml version="1.0" encoding="utf-8"?>
<prefix name="consoleavatar" label="Console Avatar Dropdown" language_tag="en" language_label="English"><key name="admin_button_save_value"><value>Save</value></key><key name="admin_index_heading"><value>Console Avatar Dropdown</value></key><key name="admin_index_title"><value>Configure Console Avatar Dropdown</value></key><key name="admin_input_display_name_desc"><value>Kindly note that some themes will hide display name on the console panel.</value></key><key name="admin_input_display_name_label"><value>Show Display Name</value></key><key name="admin_successfully_saved"><value>Done!</value></key><key name="avatar_heading"><value>Console Avatar</value></key></prefix>
