<?xml version="1.0" encoding="utf-8"?>
<prefix name="watermarkpro" label="Watermark Pro" language_tag="en" language_label="English">
<key name="settings"><value>Settings</value></key>

<key name="config"><value>Configuration</value></key>
<key name="config_image"><value>Image</value></key>
<key name="config_text"><value>Text</value></key>
<key name="config_preview"><value>Preview</value></key>
<key name="settings_changed"><value>Settings Changed</value></key>
<key name="settings_not_changed"><value>Settings Not Changed</value></key>
<key name="save_setting_btn_label"><value>Save</value></key>

<key name="image"><value>Image</value></key>
<key name="position_image"><value>Position</value></key>
<key name="position_image_margin"><value>Margin</value></key>
<key name="watermark_opacity"><value>Opacity</value></key>

<key name="watermark_text"><value>Text</value></key>
<key name="watermark_color"><value>Text color</value></key>
<key name="position_text"><value>Position</value></key>
<key name="position_text_margin"><value>Margin</value></key>
<key name="watermark_font"><value>Font</value></key>
<key name="watermark_size"><value>Size</value></key>
<key name="watermark_size"><value>Size</value></key>
<key name="stroke_color"><value>Stroke color</value></key>
<key name="stroke_size"><value>Stroke size</value></key>

<key name="settings_preview"><value>Preview</value></key>
<key name="settings_enable_image_or_text_watermark"><value>Please enable "Image Watermark" and/or "Text Watermark" to show a preview</value></key>
<key name="settings_text"><value>Text Watermark</value></key>
<key name="settings_image"><value>Image Watermark</value></key>

<key name="isenabled"><value>Start Watermarking</value></key>
<key name="isenabled_image"><value>Enable Image Watermark</value></key>
<key name="isenabled_text"><value>Enable Text Watermark</value></key>

<key name="watermark_main"><value>Watermark Main Photo</value></key>
<key name="watermark_preview"><value>Watermark Preview Photo</value></key>
<key name="watermark_original"><value>Watermark Original Photo</value></key>


<key name="position_topleft"><value>Top Left</value></key>
<key name="position_topcenter"><value>Top Center</value></key>
<key name="position_topright"><value>Top Right</value></key>
<key name="position_middleleft"><value>Middle Left</value></key>
<key name="position_middlecenter"><value>Middle Center</value></key>
<key name="position_middleright"><value>Middle Right</value></key>
<key name="position_bottomleft"><value>Bottom Left	</value></key>
<key name="position_bottomcenter"><value>Bottom Center</value></key>
<key name="position_bottomright"><value>Bottom Right</value></key>
<key name="position_random"><value>Random</value></key>

<key name="settings_text_help"><value>You can use {$userName}, {$displayName} and/or {$userUrl}</value></key>
<key name="usercandisable"><value>Usar can disable watermark on upload</value></key>
<key name="add_watermark"><value>Add watermark</value></key>
		
</prefix>
