<?xml version="1.0" encoding="utf-8"?>
<prefix name="force" label="Force user online" language_tag="en" language_label="English"><key name="action"><value>Action</value></key><key name="actions"><value>Actions</value></key><key name="adding_status_des"><value>Status adding - Force online manager in adding users to online and can't start new operation now.</value></key><key name="addToOnline_btn"><value>Add to online</value></key><key name="amountOnlineUsers_txt"><value>Amount of users to be online/offline</value></key><key name="auto_manage"><value>Auto manage</value></key><key name="config_page_heading"><value>Configuration page</value></key><key name="createaction_btn"><value>Create action</value></key><key name="current_operation_info"><value>Current operation info</value></key><key name="deleteFromOnline_btn"><value>Delete from online</value></key><key name="deleting_status_des"><value>&lt;b&gt;Status deleting&lt;/b&gt; - Force online manager is deleting users from online and can't start new operation now.</value></key><key name="help"><value>Help</value></key><key name="hours_sb"><value>Hours</value></key><key name="manual_manage"><value>Manual manage</value></key><key name="minutes_sb"><value>Minutes</value></key><key name="ready_status_des"><value>&lt;b&gt;Status ready&lt;/b&gt; Force online manager is free now and ready to add or delete users from online</value></key><key name="rest"><value>Rest of user</value></key><key name="status"><value>Status</value></key><key name="task_successfully_created"><value>Task has been successfully created</value></key><key name="total"><value>Total</value></key><key name="total_fake_count"><value>Total fake online users amount:</value></key></prefix>
