<?xml version="1.0" encoding="utf-8"?>
<prefix name="usertags" label="Usertags" language_tag="en" language_label="English">
<key name="edit"><value>Edit</value></key>
<key name="add_tags"><value>Add tags</value></key>
<key name="btn_edit"><value>Save</value></key>
<key name="save"><value>Save</value></key>
<key name="menu_tagged"><value>Browse by tags</value></key>
<key name="meta_description_usertags_tagged"><value>Browse users by tags: {$topTags}, and others.</value></key>
<key name="meta_description_usertags_tagged_as"><value>View users tagged as '{$tag}'.</value></key>
<key name="meta_description_usertags_view"><value>{$title} - user tagged as {$tags}.</value></key>
<key name="meta_title_usertags_tagged"><value>Browse users by tags - {$site_name}</value></key>
<key name="meta_title_usertags_tagged_as"><value>'{$tag}' users - {$site_name}</value></key>
<key name="no_tags"><value>No tags</value></key>
<key name="page_title_browse_users"><value>Browse Users</value></key>
<key name="user_list_menu_item_usertags"><value>Browse by tags</value></key>
<key name="tag_search"><value>Tag search</value></key>
<key name="tag_search_result"><value>Tag search result for:</value></key>
<key name="tags"><value>Tags</value></key>
<key name="tags_field_label "><value>Tags:</value></key>
<key name="save_page_heading"><value>Edit tags</value></key>
<key name="auth_action_label_add_tags"><value>Add tags</value></key>
<key name="auth_group_label"><value>User tags</value></key>
<key name="admin_settings_title"><value>Settings</value></key>
<key name="settings_updated"><value>Settings updated</value></key>
<key name="tags_in_cloud"><value>Display tags limit</value></key>
<key name="tags_in_cloud_description"><value>Defines how many most popular tags will be displayed in tag cloud.</value></key>
<key name="general_settings"><value>General Settings</value></key>
</prefix>
