<?xml version="1.0" encoding="utf-8"?>
<prefix name="skandroid" label="Skadate Android App" language_tag="en" language_label="English">
	<key name="settings_service_account_id_label">
		<value>Account id</value>
	</key>
	<key name="settings_service_account_private_key_label">
		<value>Private key</value>
	</key>
	<key name="settings_service_account_info_label">
		<value>Private key file</value>
	</key>
	<key name="service_account_description">
		<value>&lt;a href=&quot;https://hello.skadate.com/docs/faq/site_configuration/android-in-app-purchases#skadate-admin-area&quot;&gt;Click here&lt;/a&gt; to find instructions on how to get private key file.</value>
	</key><key name="service_account">
	<value>Service Account</value>
</key>
	<key name="plugin_require_configuration">
		<value>&lt;i&gt;SkaDate Android&lt;/i&gt; plugin requires additional configurations to work properly.
			Go to &lt;a href=&quot;{$link}&quot;&gt;settings page.&lt;/a&gt;</value>
	</key>
</prefix>
