<?xml version="1.0" encoding="utf-8"?>
<prefix name="ucarousel" label="User Carousel" language_tag="en" language_label="English"><key name="image_alt"><value>{$displayName}</value></key><key name="list_ages"><value>{$age} yo</value></key><key name="no_photos"><value>No photos</value></key><key name="no_users"><value>No users</value></key><key name="widget_autoplay"><value>Autoplay</value></key><key name="widget_dragging"><value>Dragging</value></key><key name="widget_image_size"><value>Size</value></key><key name="widget_image_size_big"><value>Big</value></key><key name="widget_image_size_medium"><value>Medium</value></key><key name="widget_image_size_small"><value>Small</value></key><key name="widget_info_layout"><value>User Info</value></key><key name="widget_info_layout_1"><value>Name + Gender + Age</value></key><key name="widget_info_layout_2"><value>Name + Gender</value></key><key name="widget_info_layout_3"><value>Name + Age</value></key><key name="widget_info_layout_4"><value>Name Only</value></key><key name="widget_list_setting_account_type"><value>Account types</value></key><key name="widget_list_setting_role"><value>User roles</value></key><key name="widget_list_type"><value>List</value></key><key name="widget_list_type_by_account_type"><value>By account type</value></key><key name="widget_list_type_by_role"><value>By user role</value></key><key name="widget_list_type_featured"><value>Featured users</value></key><key name="widget_list_type_hotlist"><value>Hot List</value></key><key name="widget_list_type_latest"><value>Latest users</value></key><key name="widget_list_type_online"><value>Online users</value></key><key name="widget_list_type_recently"><value>Recently active users</value></key><key name="widget_photo_count"><value>Count</value></key><key name="widget_settings_list_roles_account_types"><value>At least one account type should be selected</value></key><key name="widget_settings_list_roles_error"><value>At least one user role should be selected</value></key><key name="widget_shape"><value>Shape</value></key><key name="widget_shape_conveyor_belt_left"><value>Conveyor Belt (Left)</value></key><key name="widget_shape_conveyor_belt_right"><value>Conveyor Belt (Right)</value></key><key name="widget_shape_diagonal_ring_left"><value>Diagonal Ring (Left)</value></key><key name="widget_shape_diagonal_ring_right"><value>Diagonal Ring (Right)</value></key><key name="widget_shape_figure8"><value>Figure 8</value></key><key name="widget_shape_lazy_susan"><value>Lazy Susan</value></key><key name="widget_shape_roller_coaster"><value>Roller Coaster</value></key><key name="widget_shape_square"><value>Square</value></key><key name="widget_shape_tear_drop"><value>Tear Drop</value></key><key name="widget_shape_water_wheel"><value>Water Wheel</value></key><key name="widget_speed"><value>Autoplay speed</value></key><key name="widget_speed_avg"><value>Average</value></key><key name="widget_speed_fast"><value>Fast</value></key><key name="widget_speed_slow"><value>Slow</value></key><key name="widget_title"><value>Users</value></key><key name="widget_user_count"><value>User count</value></key><key name="widget_with_photo"><value>With photo only</value></key></prefix>
