<?xml version="1.0" encoding="utf-8"?>
<prefix name="skandroid" label="Skadate Android App" language_tag="en" language_label="English"><key name="action_not_available"><value>This option is disabled</value></key><key name="admin_settings"><value>Android Application Server Settings</value></key><key name="billing_settings"><value>Billing Settings</value></key><key name="gateway_title"><value>iOS In-App Purchase</value></key><key name="illegal"><value>Illegal</value></key><key name="offensive"><value>Offensive</value></key><key name="settings_billing_enable_description"><value>Basic Customization is required to enable in-app purchases. Contact SkaDate Support to request Basic Customization service.</value></key><key name="settings_billing_enable_label"><value>Billing enabled</value></key><key name="settings_packege_name_label"><value>Packege name</value></key><key name="settings_public_key_label"><value>Public Key</value></key><key name="settings_saved"><value>Settings saved</value></key><key name="settings_version_code_label"><value>Version code</value></key><key name="spam"><value>SPAM</value></key><key name="user_reported_notification_html"><value>&lt;p&gt;Content posted by a site user has been flagged as inappropriate (illegal, offensive, spam, or otherwise breaching the site’s TOS). Please take immediate action by reviewing the reported profile, removing all offensive content and banning the offending user if necessary.&lt;/p&gt;&#13;
&#13;
&lt;p&gt;Flagged content: {$userUrl}&lt;br/&gt;&#13;
Report reason: {$reason}&lt;br/&gt;&#13;
Report submitted by: {$reportedUserUrl}&lt;/p&gt;</value></key><key name="user_reported_notification_text"><value>Content posted by a site user has been flagged as inappropriate (illegal, offensive, spam, or otherwise breaching the site’s TOS). Please take immediate action by reviewing the reported profile, removing all offensive content and banning the offending user if necessary.&#13;
&#13;
Flagged content: {$userUrl}&#13;
Report reason: {$reason}&#13;
Report submitted by: {$reportedUserUrl}</value></key><key name="user_reported_subject"><value>Flagged Content Report</value></key></prefix>
